{"chat_name":{"N_1xbet_gruppa_QGZ":"1xBet Chat","AirdropfindFarm":"Airdrop Finder | Referral Group","skam9_obnal9":"\u0422\u0435\u043d\u0435\u0432\u043e\u0439 \u0414\u0430\u0440\u043a\u043d\u0435\u0442 \u0427\u0430\u0442","Talabalar_Gurux":"Talabalar guruhi | @talabalar","fistingher":"\ud83c\udf3a\ud83c\udf53 Blooming Flower Chat","E9_viza_2024":"\u2728EPS \ud1a0\ud53d \uadf8\ub8f9\u2728","YANGIOBOD_MFY_2022":"\ud83c\uddfa\ud83c\uddff\u042f\u041d\u0413\u0418\u041e\u0411\u041e\u0414 \u041c\u0424\u0419\ud83c\uddfa\ud83c\uddff","RuStoreDevChat":"RuStore Dev Chat","HttpInjectorChat":"HTTP Injector Chat","bioskopgaulofficial":"BIOSKOPGAUL OFFICIAL"},"topic":{"N_1xbet_gruppa_QGZ":"Bookmaking","AirdropfindFarm":"Cryptocurrencies","skam9_obnal9":"Darknet","Talabalar_Gurux":"Education","fistingher":"Erotic","E9_viza_2024":"Linguistics","YANGIOBOD_MFY_2022":"Politics","RuStoreDevChat":"Software & Applications","HttpInjectorChat":"Technologies","bioskopgaulofficial":"Video and films"},"country":{"N_1xbet_gruppa_QGZ":"O\u2018zbekiston","AirdropfindFarm":"not_specified","skam9_obnal9":"\u0420\u043e\u0441\u0441\u0438\u044f","Talabalar_Gurux":"","fistingher":"not_specified","E9_viza_2024":"O\u2018zbekiston","YANGIOBOD_MFY_2022":"O\u2018zbekiston","RuStoreDevChat":"\u0420\u043e\u0441\u0441\u0438\u044f","HttpInjectorChat":"not_specified","bioskopgaulofficial":"Indonesia"},"language":{"N_1xbet_gruppa_QGZ":"O\u2018zbekcha","AirdropfindFarm":"English","skam9_obnal9":"\u0420\u0443\u0441\u0441\u043a\u0438\u0439","Talabalar_Gurux":"","fistingher":"English","E9_viza_2024":"Koreyscha","YANGIOBOD_MFY_2022":"O\u2018zbekcha","RuStoreDevChat":"\u0420\u0443\u0441\u0441\u043a\u0438\u0439","HttpInjectorChat":"English","bioskopgaulofficial":"Indonesian"},"date_gathered":{"N_1xbet_gruppa_QGZ":1711815447850,"AirdropfindFarm":1711713873770,"skam9_obnal9":1711745704717,"Talabalar_Gurux":1713191291855,"fistingher":1711821342602,"E9_viza_2024":1711798157391,"YANGIOBOD_MFY_2022":1711710441157,"RuStoreDevChat":1711807754919,"HttpInjectorChat":1711735107358,"bioskopgaulofficial":1711811527362},"last_update":{"N_1xbet_gruppa_QGZ":1714983788784,"AirdropfindFarm":1715002170266,"skam9_obnal9":1714986585175,"Talabalar_Gurux":1714996386075,"fistingher":1714998566975,"E9_viza_2024":1715005779244,"YANGIOBOD_MFY_2022":1715008654869,"RuStoreDevChat":1715008411633,"HttpInjectorChat":1715004604417,"bioskopgaulofficial":1714994539207},"first_message_date":{"N_1xbet_gruppa_QGZ":1709251623000,"AirdropfindFarm":1709251203000,"skam9_obnal9":1709251236000,"Talabalar_Gurux":1709277629000,"fistingher":1709251863000,"E9_viza_2024":1709258874000,"YANGIOBOD_MFY_2022":1709253343000,"RuStoreDevChat":1709273837000,"HttpInjectorChat":1709253129000,"bioskopgaulofficial":1709251586000},"id":{"N_1xbet_gruppa_QGZ":1390849800,"AirdropfindFarm":1253445538,"skam9_obnal9":1628956968,"Talabalar_Gurux":1473756126,"fistingher":1860987490,"E9_viza_2024":1621334839,"YANGIOBOD_MFY_2022":1686712977,"RuStoreDevChat":1675544950,"HttpInjectorChat":1016392688,"bioskopgaulofficial":1230652311}}